{"stats":{"minecraft:picked_up":{"minecraft:crafting_table":3,"minecraft:wheat":12,"minecraft:sweet_berries":22,"minecraft:dandelion":1,"minecraft:porkchop":6,"minecraft:oak_log":56,"minecraft:wheat_seeds":31,"minecraft:hay_block":16,"minecraft:spruce_wood":4,"minecraft:azalea":1,"minecraft:mutton":6,"minecraft:coal":3,"minecraft:white_wool":4,"minecraft:cobblestone":18,"minecraft:sunflower":1},"minecraft:custom":{"minecraft:time_since_rest":15156,"minecraft:sprint_one_cm":42866,"minecraft:damage_taken":870,"minecraft:walk_one_cm":23514,"minecraft:mob_kills":7,"minecraft:drop":1,"minecraft:damage_dealt":654,"minecraft:interact_with_crafting_table":5,"minecraft:swim_one_cm":8856,"minecraft:fly_one_cm":82415,"minecraft:crouch_one_cm":4139,"minecraft:play_time":17419,"minecraft:deaths":1,"minecraft:sneak_time":1912,"minecraft:walk_under_water_one_cm":6988,"minecraft:jump":505,"minecraft:leave_game":1,"minecraft:time_since_death":15613,"minecraft:walk_on_water_one_cm":3112,"minecraft:total_world_time":17419,"minecraft:fall_one_cm":13107},"minecraft:dropped":{"minecraft:azalea":1},"minecraft:crafted":{"minecraft:yellow_dye":1,"minecraft:crafting_table":1,"minecraft:spruce_planks":16,"minecraft:stick":4,"minecraft:wooden_pickaxe":1,"minecraft:white_bed":1,"minecraft:yellow_bed":1,"minecraft:stone_axe":1,"minecraft:bread":52,"minecraft:wheat":144},"minecraft:killed":{"minecraft:sheep":4,"minecraft:pig":3},"minecraft:killed_by":{"alexsmobs:cachalot_whale":1},"minecraft:used":{"minecraft:oak_log":10,"minecraft:sunflower":1,"minecraft:wooden_pickaxe":33,"minecraft:white_wool":1,"minecraft:stone_axe":99,"minecraft:mutton":6,"minecraft:sweet_berries":1,"minecraft:crafting_table":3,"tombstone:gift":2},"minecraft:mined":{"minecraft:large_fern":1,"minecraft:hay_block":16,"minecraft:wheat":16,"minecraft:sweet_berry_bush":8,"minecraft:dandelion":1,"minecraft:crafting_table":3,"minecraft:grass":4,"minecraft:oak_log":56,"minecraft:coal_ore":3,"minecraft:sunflower":1,"minecraft:tall_grass":3,"minecraft:spruce_wood":4,"minecraft:azalea_leaves":3,"minecraft:stone":18,"minecraft:fern":4}},"DataVersion":3465}