{"stats":{"minecraft:picked_up":{"minecraft:crafting_table":3,"minecraft:wheat":12,"minecraft:sweet_berries":22,"minecraft:dandelion":1,"minecraft:porkchop":6,"minecraft:oak_log":89,"minecraft:yellow_bed":1,"minecraft:dirt":74,"minecraft:wheat_seeds":38,"minecraft:hay_block":16,"minecraft:spruce_wood":4,"minecraft:azalea":1,"minecraft:oak_planks":14,"minecraft:mutton":6,"minecraft:coal":3,"minecraft:white_wool":4,"minecraft:cobblestone":18,"minecraft:sunflower":1},"minecraft:custom":{"minecraft:time_since_rest":11620,"minecraft:sprint_one_cm":58176,"minecraft:damage_taken":870,"minecraft:walk_one_cm":76858,"minecraft:mob_kills":8,"minecraft:drop":2,"minecraft:damage_dealt":765,"minecraft:interact_with_crafting_table":9,"minecraft:swim_one_cm":17738,"minecraft:fly_one_cm":108903,"minecraft:crouch_one_cm":7307,"minecraft:play_time":29419,"minecraft:deaths":1,"minecraft:sneak_time":2987,"minecraft:walk_under_water_one_cm":7258,"minecraft:jump":673,"minecraft:leave_game":1,"minecraft:time_since_death":27613,"minecraft:walk_on_water_one_cm":4159,"minecraft:sleep_in_bed":1,"minecraft:total_world_time":29419,"minecraft:fall_one_cm":16060},"minecraft:dropped":{"minecraft:azalea":1,"minecraft:oak_planks":1},"minecraft:crafted":{"minecraft:oak_door":3,"minecraft:oak_planks":316,"minecraft:stone_shovel":1,"minecraft:yellow_dye":1,"minecraft:crafting_table":1,"minecraft:spruce_planks":16,"minecraft:stick":8,"minecraft:wooden_pickaxe":1,"minecraft:oak_stairs":8,"minecraft:white_bed":1,"minecraft:yellow_bed":1,"minecraft:stone_axe":1,"minecraft:bread":52,"minecraft:wheat":144},"minecraft:killed":{"minecraft:sheep":4,"minecraft:pig":3,"alexsmobs:crow":1},"minecraft:killed_by":{"alexsmobs:cachalot_whale":1},"minecraft:used":{"minecraft:oak_log":10,"minecraft:sunflower":1,"minecraft:oak_stairs":6,"minecraft:stone_shovel":78,"minecraft:oak_planks":197,"minecraft:wooden_pickaxe":33,"minecraft:oak_door":2,"minecraft:white_wool":1,"minecraft:stone_axe":151,"minecraft:dirt":14,"minecraft:mutton":6,"minecraft:sweet_berries":1,"minecraft:crafting_table":4,"minecraft:porkchop":6,"minecraft:yellow_bed":2,"tombstone:gift":2},"minecraft:mined":{"minecraft:large_fern":1,"minecraft:hay_block":16,"minecraft:wheat":16,"minecraft:sweet_berry_bush":8,"minecraft:dandelion":1,"minecraft:yellow_bed":1,"minecraft:crafting_table":3,"minecraft:grass_block":63,"minecraft:grass":54,"minecraft:oak_log":89,"minecraft:coal_ore":3,"minecraft:dirt":11,"minecraft:sunflower":1,"minecraft:tall_grass":3,"minecraft:spruce_wood":4,"minecraft:azalea_leaves":4,"minecraft:stone":18,"minecraft:oak_planks":13,"minecraft:fern":4}},"DataVersion":3465}