{"stats":{"minecraft:picked_up":{"minecraft:crafting_table":3,"minecraft:wheat":12,"minecraft:oak_log":155,"minecraft:yellow_bed":1,"minecraft:dirt":83,"minecraft:wheat_seeds":38,"minecraft:spruce_wood":4,"minecraft:azalea":7,"minecraft:oak_planks":24,"minecraft:stick":2,"minecraft:sweet_berries":22,"minecraft:dandelion":1,"minecraft:porkchop":6,"minecraft:hay_block":16,"minecraft:mutton":6,"minecraft:cobblestone":18,"minecraft:coal":3,"minecraft:white_wool":4,"minecraft:sunflower":1},"minecraft:custom":{"minecraft:mob_kills":8,"minecraft:interact_with_crafting_table":13,"minecraft:leave_game":1,"minecraft:time_since_death":39613,"minecraft:sleep_in_bed":2,"minecraft:time_since_rest":10066,"minecraft:sprint_one_cm":79486,"minecraft:damage_taken":900,"minecraft:walk_one_cm":113732,"minecraft:drop":3,"minecraft:damage_dealt":765,"minecraft:swim_one_cm":17738,"minecraft:fly_one_cm":136861,"minecraft:crouch_one_cm":20181,"minecraft:play_time":41419,"minecraft:deaths":1,"minecraft:sneak_time":5977,"minecraft:walk_under_water_one_cm":7258,"minecraft:jump":865,"minecraft:walk_on_water_one_cm":4159,"minecraft:total_world_time":41419,"minecraft:fall_one_cm":22491},"minecraft:dropped":{"minecraft:wheat_seeds":38,"minecraft:oak_planks":1,"minecraft:azalea":1},"minecraft:crafted":{"minecraft:oak_door":3,"minecraft:oak_planks":464,"minecraft:stone_shovel":1,"minecraft:crafting_table":1,"minecraft:spruce_planks":16,"minecraft:wooden_pickaxe":1,"minecraft:yellow_bed":1,"minecraft:stone_axe":3,"minecraft:bread":52,"minecraft:yellow_dye":1,"minecraft:stick":12,"minecraft:oak_stairs":40,"minecraft:white_bed":1,"minecraft:torch":8,"minecraft:wheat":144},"minecraft:killed":{"minecraft:pig":3,"minecraft:sheep":4,"alexsmobs:crow":1},"minecraft:killed_by":{"alexsmobs:cachalot_whale":1},"minecraft:used":{"minecraft:stone_shovel":86,"minecraft:oak_planks":419,"minecraft:wooden_pickaxe":33,"minecraft:oak_door":2,"minecraft:white_wool":1,"minecraft:torch":8,"minecraft:dirt":23,"minecraft:mutton":6,"minecraft:crafting_table":4,"minecraft:oak_log":12,"minecraft:sunflower":1,"minecraft:oak_stairs":40,"minecraft:bread":2,"minecraft:stone_axe":230,"minecraft:sweet_berries":1,"minecraft:porkchop":6,"tombstone:gift":2,"minecraft:yellow_bed":2},"minecraft:mined":{"minecraft:dandelion":1,"minecraft:crafting_table":3,"minecraft:grass_block":63,"minecraft:tall_grass":3,"minecraft:oak_planks":23,"minecraft:large_fern":1,"minecraft:hay_block":16,"minecraft:wheat":16,"minecraft:sweet_berry_bush":8,"minecraft:yellow_bed":1,"minecraft:grass":54,"minecraft:coal_ore":3,"minecraft:oak_log":156,"minecraft:sunflower":1,"minecraft:dirt":20,"minecraft:spruce_wood":4,"minecraft:azalea_leaves":5,"minecraft:stone":18,"minecraft:fern":4},"minecraft:broken":{"minecraft:stone_axe":1}},"DataVersion":3465}