{"stats":{"minecraft:picked_up":{"minecraft:crafting_table":3,"minecraft:wheat":12,"minecraft:oak_stairs":5,"minecraft:oak_log":180,"minecraft:yellow_bed":3,"minecraft:dirt":92,"minecraft:wheat_seeds":38,"minecraft:spruce_wood":4,"minecraft:azalea":7,"minecraft:chest":2,"minecraft:oak_planks":58,"minecraft:stick":2,"minecraft:sweet_berries":22,"minecraft:torch":1,"minecraft:dandelion":1,"minecraft:porkchop":6,"minecraft:spruce_log":1,"minecraft:hay_block":16,"minecraft:mutton":6,"minecraft:cobblestone":18,"minecraft:coal":3,"minecraft:white_wool":4,"minecraft:sunflower":1},"minecraft:custom":{"minecraft:mob_kills":9,"minecraft:interact_with_crafting_table":21,"minecraft:leave_game":2,"minecraft:time_since_death":62098,"minecraft:sleep_in_bed":4,"minecraft:time_since_rest":378,"minecraft:sprint_one_cm":113482,"minecraft:damage_taken":1035,"minecraft:walk_one_cm":178345,"minecraft:drop":3,"minecraft:damage_dealt":885,"minecraft:swim_one_cm":39458,"minecraft:fly_one_cm":200465,"minecraft:open_chest":3,"minecraft:crouch_one_cm":30470,"minecraft:play_time":63904,"minecraft:deaths":1,"minecraft:sneak_time":9222,"minecraft:walk_under_water_one_cm":7908,"minecraft:jump":1298,"minecraft:walk_on_water_one_cm":9145,"minecraft:total_world_time":63904,"minecraft:fall_one_cm":28198},"minecraft:dropped":{"minecraft:wheat_seeds":38,"minecraft:oak_planks":1,"minecraft:azalea":1},"minecraft:crafted":{"minecraft:oak_door":3,"minecraft:oak_planks":672,"minecraft:stone_shovel":1,"minecraft:crafting_table":1,"minecraft:spruce_planks":16,"minecraft:wooden_pickaxe":1,"minecraft:furnace":1,"minecraft:yellow_bed":1,"minecraft:stone_axe":3,"minecraft:bread":52,"minecraft:yellow_dye":1,"minecraft:stick":12,"minecraft:oak_stairs":112,"minecraft:chest":4,"minecraft:white_bed":1,"minecraft:torch":8,"minecraft:wheat":144},"minecraft:killed":{"minecraft:pig":3,"enemyexpansion:direwolf":1,"minecraft:sheep":4,"alexsmobs:crow":1},"minecraft:killed_by":{"alexsmobs:cachalot_whale":1},"minecraft:used":{"minecraft:stone_shovel":98,"minecraft:oak_planks":427,"minecraft:chest":6,"minecraft:wooden_pickaxe":33,"minecraft:oak_door":2,"minecraft:white_wool":1,"minecraft:torch":9,"minecraft:dirt":92,"minecraft:mutton":6,"minecraft:crafting_table":4,"minecraft:spruce_log":1,"minecraft:oak_log":12,"minecraft:sunflower":1,"minecraft:oak_stairs":117,"minecraft:bread":7,"minecraft:stone_axe":305,"minecraft:sweet_berries":1,"minecraft:furnace":1,"minecraft:porkchop":6,"tombstone:gift":2,"minecraft:yellow_bed":4},"minecraft:mined":{"minecraft:dandelion":1,"minecraft:clay":3,"minecraft:crafting_table":3,"minecraft:grass_block":63,"minecraft:chest":2,"minecraft:tall_grass":3,"minecraft:oak_planks":57,"minecraft:large_fern":1,"minecraft:hay_block":16,"minecraft:wheat":16,"minecraft:sweet_berry_bush":8,"minecraft:spruce_log":1,"minecraft:yellow_bed":3,"minecraft:grass":56,"minecraft:coal_ore":3,"minecraft:oak_log":181,"minecraft:oak_stairs":5,"minecraft:sunflower":1,"minecraft:dirt":29,"minecraft:spruce_wood":4,"minecraft:azalea_leaves":5,"minecraft:stone":18,"minecraft:fern":4},"minecraft:broken":{"minecraft:stone_axe":2}},"DataVersion":3465}