{"stats":{"minecraft:picked_up":{"minecraft:crafting_table":2,"minecraft:wheat_seeds":1,"minecraft:spruce_wood":4,"minecraft:mutton":4,"minecraft:white_wool":3,"minecraft:cobblestone":14},"minecraft:custom":{"minecraft:time_since_rest":3156,"minecraft:crouch_one_cm":1376,"minecraft:play_time":5419,"minecraft:sprint_one_cm":5164,"minecraft:deaths":1,"minecraft:damage_taken":690,"minecraft:walk_one_cm":4049,"minecraft:sneak_time":677,"minecraft:walk_under_water_one_cm":6933,"minecraft:mob_kills":3,"minecraft:jump":59,"minecraft:damage_dealt":250,"minecraft:leave_game":1,"minecraft:walk_on_water_one_cm":1565,"minecraft:time_since_death":3613,"minecraft:total_world_time":5419,"minecraft:fall_one_cm":2357,"minecraft:swim_one_cm":8580,"minecraft:interact_with_crafting_table":4,"minecraft:fly_one_cm":13276},"minecraft:crafted":{"minecraft:white_bed":1,"minecraft:stone_axe":1,"minecraft:crafting_table":1,"minecraft:spruce_planks":16,"minecraft:stick":4,"minecraft:wooden_pickaxe":1},"minecraft:killed":{"minecraft:sheep":3},"minecraft:killed_by":{"alexsmobs:cachalot_whale":1},"minecraft:used":{"minecraft:stone_axe":6,"minecraft:crafting_table":2,"tombstone:gift":2,"minecraft:wooden_pickaxe":15},"minecraft:mined":{"minecraft:grass":1,"minecraft:spruce_wood":4,"minecraft:stone":14,"minecraft:fern":1,"minecraft:crafting_table":2}},"DataVersion":3465}