{"stats":{"minecraft:crafted":{"minecraft:crafting_table":1,"minecraft:stick":4,"minecraft:wooden_axe":1,"minecraft:acacia_planks":68},"minecraft:used":{"minecraft:wooden_axe":47,"minecraft:beef":2,"minecraft:crafting_table":1,"tombstone:gift":2,"alexsmobs:animal_dictionary":1,"minecraft:acacia_planks":19},"minecraft:picked_up":{"minecraft:crafting_table":1,"minecraft:leather":5,"minecraft:brown_mushroom":4,"minecraft:acacia_wood":17,"minecraft:oak_log":14,"minecraft:blue_bed":1,"minecraft:moss_carpet":2,"minecraft:wheat_seeds":1,"minecraft:beef":8,"minecraft:spruce_slab":1,"minecraft:oak_planks":2},"minecraft:dropped":{"minecraft:brown_mushroom":1,"minecraft:wheat_seeds":1,"tombstone:grave_dust":1},"minecraft:custom":{"minecraft:time_since_rest":5933,"minecraft:sprint_one_cm":19864,"minecraft:damage_taken":447,"minecraft:walk_one_cm":23137,"minecraft:mob_kills":4,"minecraft:drop":3,"minecraft:damage_dealt":745,"minecraft:swim_one_cm":8803,"minecraft:interact_with_crafting_table":1,"minecraft:fly_one_cm":51113,"minecraft:player_kills":1,"minecraft:open_chest":1,"minecraft:crouch_one_cm":3851,"minecraft:play_time":10505,"minecraft:deaths":1,"minecraft:sneak_time":2172,"minecraft:walk_under_water_one_cm":1045,"minecraft:jump":280,"minecraft:leave_game":1,"minecraft:walk_on_water_one_cm":5765,"minecraft:time_since_death":6428,"minecraft:total_world_time":10505,"minecraft:fall_one_cm":8642},"minecraft:mined":{"minecraft:brown_mushroom":1,"minecraft:acacia_wood":17,"minecraft:crafting_table":1,"minecraft:grass":4,"minecraft:oak_log":14,"minecraft:oak_planks":2,"minecraft:spruce_slab":2,"minecraft:blue_bed":1},"minecraft:killed":{"minecraft:cow":4},"minecraft:killed_by":{"minecraft:skeleton":1}},"DataVersion":3465}