{"stats":{"minecraft:picked_up":{"minecraft:crafting_table":1,"minecraft:blast_furnace":2,"minecraft:cyan_bed":5,"minecraft:rotten_flesh":1,"minecraft:apple":1,"minecraft:spruce_wood":6,"minecraft:hay_block":38,"minecraft:painting":1,"minecraft:dark_oak_sign":21,"minecraft:player_head":1},"minecraft:custom":{"minecraft:time_since_rest":1,"minecraft:sprint_one_cm":52944,"minecraft:damage_taken":1170,"minecraft:walk_one_cm":34361,"minecraft:damage_blocked_by_shield":300,"minecraft:damage_dealt":77,"minecraft:swim_one_cm":7849,"minecraft:interact_with_crafting_table":2,"minecraft:fly_one_cm":91357,"minecraft:open_chest":3,"minecraft:crouch_one_cm":704,"minecraft:play_time":16260,"minecraft:deaths":4,"minecraft:sneak_time":255,"minecraft:walk_under_water_one_cm":1760,"minecraft:jump":362,"minecraft:leave_game":3,"minecraft:walk_on_water_one_cm":1881,"minecraft:time_since_death":382,"minecraft:climb_one_cm":2209,"minecraft:total_world_time":16260,"minecraft:fall_one_cm":15986},"minecraft:crafted":{"minecraft:shield":1,"minecraft:iron_axe":1,"minecraft:crafting_table":1,"minecraft:spruce_planks":24,"minecraft:stick":4,"minecraft:iron_pickaxe":1},"minecraft:used":{"minecraft:apple":1,"minecraft:iron_axe":1,"minecraft:iron_pickaxe":2,"minecraft:shield":2,"minecraft:crafting_table":1,"tombstone:gift":2,"minecraft:painting":1},"minecraft:killed_by":{"minecraft:husk":3},"minecraft:mined":{"minecraft:hay_block":38,"minecraft:crafting_table":1,"minecraft:grass":1,"minecraft:blast_furnace":2,"minecraft:spruce_wood":6,"minecraft:cyan_bed":5,"minecraft:player_head":1,"minecraft:oak_leaves":1}},"DataVersion":3465}