{"stats":{"minecraft:picked_up":{"minecraft:wooden_axe":1,"minecraft:crafting_table":1,"minecraft:sweet_berries":5,"minecraft:andesite":1,"minecraft:spruce_stairs":1,"minecraft:blast_furnace":4,"minecraft:diorite":1,"minecraft:cyan_bed":5,"minecraft:dirt":4,"minecraft:dark_oak_trapdoor":1,"minecraft:red_nether_bricks":2,"minecraft:rotten_flesh":1,"minecraft:apple":1,"minecraft:gray_carpet":1,"minecraft:mangrove_roots":1,"minecraft:spruce_wood":6,"minecraft:hay_block":46,"minecraft:painting":1,"minecraft:dark_oak_sign":21,"minecraft:calcite":8,"minecraft:player_head":3,"minecraft:coal_block":5,"minecraft:smooth_quartz_stairs":1,"minecraft:iron_bars":1,"minecraft:cobblestone":3},"minecraft:custom":{"minecraft:time_since_rest":214,"minecraft:sprint_one_cm":158696,"minecraft:damage_taken":2159,"minecraft:walk_one_cm":64527,"minecraft:damage_blocked_by_shield":750,"minecraft:mob_kills":1,"minecraft:drop":3,"minecraft:damage_dealt":562,"minecraft:swim_one_cm":36780,"minecraft:interact_with_crafting_table":2,"minecraft:fly_one_cm":315372,"minecraft:open_barrel":5,"minecraft:open_chest":4,"minecraft:crouch_one_cm":2072,"minecraft:play_time":39453,"tombstone:undead_killed":1,"minecraft:deaths":8,"minecraft:sneak_time":743,"minecraft:walk_under_water_one_cm":3064,"minecraft:jump":1140,"minecraft:leave_game":5,"minecraft:time_since_death":2613,"minecraft:walk_on_water_one_cm":11551,"minecraft:climb_one_cm":6377,"minecraft:total_world_time":39453,"minecraft:fall_one_cm":32757},"minecraft:dropped":{"minecraft:player_head":2,"tombstone:grave_key":1},"minecraft:crafted":{"minecraft:shield":1,"minecraft:iron_axe":1,"minecraft:crafting_table":1,"minecraft:spruce_planks":24,"minecraft:stick":4,"minecraft:iron_pickaxe":1},"minecraft:killed":{"minecraft:husk":1},"minecraft:used":{"minecraft:apple":1,"minecraft:iron_axe":14,"minecraft:iron_pickaxe":25,"minecraft:shield":5,"minecraft:player_head":1,"minecraft:crafting_table":1,"tombstone:gift":2,"minecraft:painting":1},"minecraft:killed_by":{"minecraft:husk":4,"minecraft:pillager":1,"alexsmobs:grizzly_bear":2},"minecraft:mined":{"minecraft:spruce_stairs":1,"minecraft:hay_block":46,"minecraft:dark_oak_trapdoor":1,"minecraft:player_wall_head":1,"minecraft:sweet_berry_bush":2,"minecraft:andesite":1,"minecraft:red_nether_bricks":2,"minecraft:crafting_table":1,"minecraft:grass":1,"minecraft:blast_furnace":4,"minecraft:calcite":7,"minecraft:iron_bars":1,"minecraft:gray_carpet":1,"minecraft:smooth_quartz_stairs":1,"minecraft:coal_block":5,"minecraft:spruce_wood":6,"minecraft:cyan_bed":5,"minecraft:stone":3,"minecraft:player_head":1,"minecraft:oak_leaves":1,"minecraft:spawner":1}},"DataVersion":3465}