{"stats":{"minecraft:picked_up":{"minecraft:wooden_axe":1,"minecraft:crafting_table":1,"minecraft:andesite":2,"minecraft:dirt":4,"minecraft:dark_oak_trapdoor":1,"minecraft:red_nether_bricks":4,"minecraft:apple":1,"minecraft:gray_carpet":1,"minecraft:kelp":13,"minecraft:spruce_wood":6,"minecraft:dark_oak_sign":21,"minecraft:player_head":3,"minecraft:calcite":8,"minecraft:bamboo":3,"minecraft:coal_block":5,"minecraft:oak_planks":2,"minecraft:smooth_quartz_stairs":1,"minecraft:oak_slab":3,"minecraft:sweet_berries":5,"minecraft:spruce_stairs":1,"minecraft:blast_furnace":4,"minecraft:diorite":1,"minecraft:cyan_bed":6,"minecraft:rotten_flesh":1,"minecraft:hay_block":92,"minecraft:painting":1,"minecraft:emerald":3,"minecraft:mangrove_roots":1,"minecraft:gold_ingot":2,"minecraft:iron_bars":1,"minecraft:cobblestone":3},"minecraft:custom":{"minecraft:mob_kills":11,"tombstone:raider_killed":10,"minecraft:interact_with_crafting_table":4,"minecraft:open_barrel":10,"minecraft:leave_game":5,"minecraft:time_since_death":183,"minecraft:climb_one_cm":7433,"minecraft:time_since_rest":1,"minecraft:sprint_one_cm":177348,"minecraft:damage_taken":3838,"minecraft:walk_one_cm":78240,"minecraft:damage_blocked_by_shield":990,"minecraft:drop":12,"minecraft:damage_dealt":3955,"minecraft:damage_dealt_absorbed":38,"minecraft:swim_one_cm":49753,"minecraft:fly_one_cm":375240,"minecraft:open_chest":8,"minecraft:crouch_one_cm":3204,"minecraft:play_time":51453,"tombstone:undead_killed":1,"minecraft:deaths":12,"minecraft:sneak_time":1030,"minecraft:walk_under_water_one_cm":9007,"minecraft:boat_one_cm":104741,"minecraft:jump":1394,"minecraft:walk_on_water_one_cm":19763,"minecraft:total_world_time":51453,"minecraft:fall_one_cm":38817},"minecraft:dropped":{"minecraft:sweet_berries":3,"minecraft:mangrove_roots":1,"minecraft:player_head":2,"minecraft:dirt":4,"minecraft:diorite":1,"tombstone:grave_key":1,"minecraft:andesite":1,"tombstone:grave_dust":1,"minecraft:red_nether_bricks":2},"minecraft:crafted":{"minecraft:crafting_table":1,"minecraft:spruce_planks":24,"minecraft:shield":1,"minecraft:iron_axe":1,"minecraft:stick":4,"minecraft:iron_pickaxe":1,"minecraft:spruce_boat":1},"minecraft:killed":{"minecraft:husk":1,"minecraft:vindicator":6,"minecraft:pillager":4},"minecraft:killed_by":{"minecraft:vindicator":3,"minecraft:husk":4,"minecraft:skeleton":1,"minecraft:pillager":1,"alexsmobs:grizzly_bear":2},"minecraft:used":{"minecraft:calcite":8,"minecraft:iron_bars":1,"minecraft:shield":9,"minecraft:player_head":1,"minecraft:crafting_table":2,"minecraft:painting":1,"minecraft:spruce_boat":1,"minecraft:wooden_axe":3,"minecraft:apple":1,"minecraft:iron_axe":61,"minecraft:cyan_bed":4,"minecraft:iron_pickaxe":25,"minecraft:cobblestone":3,"minecraft:sweet_berries":2,"tombstone:gift":2,"minecraft:skeleton_skull":1},"minecraft:mined":{"minecraft:oak_slab":2,"minecraft:kelp_plant":3,"minecraft:player_wall_head":1,"minecraft:red_nether_bricks":2,"minecraft:crafting_table":1,"minecraft:stripped_crimson_hyphae":2,"minecraft:blast_furnace":4,"minecraft:calcite":7,"minecraft:coal_block":5,"minecraft:cyan_bed":6,"minecraft:oak_planks":2,"minecraft:spawner":1,"minecraft:hay_block":46,"minecraft:spruce_stairs":1,"minecraft:dark_oak_trapdoor":1,"minecraft:sweet_berry_bush":2,"minecraft:ice":1,"minecraft:andesite":1,"minecraft:grass":1,"minecraft:iron_bars":1,"minecraft:gray_carpet":1,"minecraft:smooth_quartz_stairs":1,"minecraft:spruce_wood":6,"minecraft:stone":3,"minecraft:player_head":1,"minecraft:oak_leaves":2}},"DataVersion":3465}