{"stats":{"minecraft:picked_up":{"minecraft:wheat_seeds":1,"minecraft:dirt":4},"minecraft:used":{"minecraft:dirt":4,"tombstone:gift":1},"minecraft:custom":{"minecraft:time_since_rest":8,"minecraft:deaths":3,"minecraft:crouch_one_cm":583,"minecraft:sprint_one_cm":16432,"minecraft:play_time":16271,"minecraft:damage_taken":790,"minecraft:walk_one_cm":4968,"minecraft:sneak_time":253,"minecraft:walk_under_water_one_cm":760,"minecraft:jump":268,"minecraft:damage_dealt":0,"minecraft:leave_game":3,"minecraft:time_since_death":0,"minecraft:walk_on_water_one_cm":3809,"minecraft:climb_one_cm":148,"minecraft:total_world_time":16271,"minecraft:swim_one_cm":848,"minecraft:fall_one_cm":4033,"minecraft:fly_one_cm":70396},"minecraft:mined":{"minecraft:grass":4,"minecraft:oak_log":1,"minecraft:grass_block":1,"minecraft:flowering_azalea_leaves":1,"minecraft:dirt":3,"minecraft:tall_grass":2,"minecraft:azalea_leaves":1,"minecraft:small_dripleaf":2},"minecraft:killed_by":{"enemyexpansion:direwolf":1,"minecraft:husk":1,"born_in_chaos_v1:swarmer":1}},"DataVersion":3465}