{"stats":{"minecraft:picked_up":{"minecraft:spruce_wood":6},"minecraft:custom":{"minecraft:jump":99,"minecraft:time_since_rest":3241,"minecraft:deaths":1,"minecraft:sprint_one_cm":7153,"minecraft:walk_on_water_one_cm":606,"minecraft:leave_game":1,"minecraft:play_time":5407,"minecraft:damage_taken":380,"minecraft:time_since_death":3324,"minecraft:walk_one_cm":2190,"minecraft:climb_one_cm":95,"minecraft:total_world_time":5407,"minecraft:walk_under_water_one_cm":1447,"minecraft:fall_one_cm":7465,"minecraft:fly_one_cm":20547},"minecraft:used":{"tombstone:gift":2},"minecraft:mined":{"minecraft:spruce_wood":6,"minecraft:grass":1}},"DataVersion":3465}