{"stats":{"minecraft:crafted":{"minecraft:acacia_planks":16,"minecraft:crafting_table":1,"minecraft:stick":4},"minecraft:picked_up":{"minecraft:brown_mushroom":3,"minecraft:wheat_seeds":2,"minecraft:acacia_wood":4,"minecraft:azalea":1,"minecraft:dirt":4,"minecraft:moss_carpet":1},"minecraft:used":{"minecraft:dirt":4,"tombstone:gift":3},"minecraft:custom":{"minecraft:open_barrel":3,"minecraft:time_since_rest":762,"minecraft:damage_taken":1578,"minecraft:play_time":27291,"minecraft:crouch_one_cm":583,"minecraft:walk_one_cm":16462,"minecraft:sprint_one_cm":43873,"minecraft:deaths":5,"minecraft:sneak_time":253,"minecraft:walk_under_water_one_cm":2154,"minecraft:jump":721,"minecraft:damage_dealt":0,"minecraft:leave_game":4,"minecraft:time_since_death":2088,"minecraft:walk_on_water_one_cm":10470,"minecraft:total_world_time":27291,"minecraft:climb_one_cm":773,"minecraft:swim_one_cm":3103,"minecraft:open_chest":1,"minecraft:fall_one_cm":6183,"minecraft:fly_one_cm":181957},"minecraft:mined":{"minecraft:grass":7,"minecraft:grass_block":1,"minecraft:oak_log":1,"minecraft:flowering_azalea_leaves":1,"minecraft:dirt":3,"minecraft:tall_grass":2,"minecraft:acacia_wood":4,"minecraft:azalea_leaves":6,"minecraft:small_dripleaf":2,"minecraft:moss_carpet":1,"minecraft:glow_lichen":1},"minecraft:killed_by":{"enemyexpansion:direwolf":1,"minecraft:husk":3,"born_in_chaos_v1:swarmer":1}},"DataVersion":3465}