{"stats":{"minecraft:picked_up":{"minecraft:crafting_table":1,"minecraft:sweet_berries":5,"minecraft:blast_furnace":4,"minecraft:cyan_bed":5,"minecraft:dark_oak_trapdoor":1,"minecraft:red_nether_bricks":2,"minecraft:rotten_flesh":1,"minecraft:apple":1,"minecraft:gray_carpet":1,"minecraft:spruce_wood":6,"minecraft:hay_block":46,"minecraft:painting":1,"minecraft:dark_oak_sign":21,"minecraft:calcite":5,"minecraft:player_head":3,"minecraft:coal_block":5,"minecraft:smooth_quartz_stairs":1,"minecraft:iron_bars":1},"minecraft:custom":{"minecraft:time_since_rest":4254,"minecraft:sprint_one_cm":110620,"minecraft:damage_taken":1434,"minecraft:walk_one_cm":53036,"minecraft:damage_blocked_by_shield":750,"minecraft:mob_kills":1,"minecraft:drop":1,"minecraft:damage_dealt":552,"minecraft:swim_one_cm":22142,"minecraft:interact_with_crafting_table":2,"minecraft:fly_one_cm":172481,"minecraft:open_barrel":1,"minecraft:open_chest":4,"minecraft:crouch_one_cm":1363,"minecraft:play_time":27453,"tombstone:undead_killed":1,"minecraft:deaths":5,"minecraft:sneak_time":488,"minecraft:walk_under_water_one_cm":2624,"minecraft:jump":668,"minecraft:leave_game":5,"minecraft:time_since_death":6653,"minecraft:walk_on_water_one_cm":5047,"minecraft:climb_one_cm":4049,"minecraft:total_world_time":27453,"minecraft:fall_one_cm":21465},"minecraft:dropped":{"minecraft:player_head":1},"minecraft:crafted":{"minecraft:shield":1,"minecraft:iron_axe":1,"minecraft:crafting_table":1,"minecraft:spruce_planks":24,"minecraft:stick":4,"minecraft:iron_pickaxe":1},"minecraft:killed":{"minecraft:husk":1},"minecraft:used":{"minecraft:apple":1,"minecraft:iron_axe":13,"minecraft:iron_pickaxe":19,"minecraft:shield":5,"minecraft:player_head":1,"minecraft:crafting_table":1,"tombstone:gift":2,"minecraft:painting":1},"minecraft:killed_by":{"minecraft:husk":4},"minecraft:mined":{"minecraft:hay_block":46,"minecraft:dark_oak_trapdoor":1,"minecraft:player_wall_head":1,"minecraft:sweet_berry_bush":2,"minecraft:red_nether_bricks":2,"minecraft:crafting_table":1,"minecraft:grass":1,"minecraft:blast_furnace":4,"minecraft:calcite":5,"minecraft:iron_bars":1,"minecraft:gray_carpet":1,"minecraft:smooth_quartz_stairs":1,"minecraft:coal_block":5,"minecraft:spruce_wood":6,"minecraft:cyan_bed":5,"minecraft:player_head":1,"minecraft:oak_leaves":1,"minecraft:spawner":1}},"DataVersion":3465}