{"stats":{"minecraft:picked_up":{"minecraft:crafting_table":3,"minecraft:sweet_berries":108,"minecraft:potion":2,"pointblank:gunmetal_nugget":1,"minecraft:stripped_spruce_log":1,"minecraft:blast_furnace":2,"minecraft:spruce_log":102,"minecraft:dirt":2,"minecraft:item_frame":1,"minecraft:spruce_boat":2,"minecraft:wheat_seeds":2,"minecraft:spruce_wood":5,"minecraft:oak_sapling":1,"minecraft:coal_block":2,"minecraft:coal":1,"minecraft:cobblestone":94},"minecraft:custom":{"minecraft:time_since_rest":9552,"minecraft:sprint_one_cm":110864,"minecraft:damage_taken":1803,"minecraft:walk_one_cm":128876,"minecraft:mob_kills":3,"minecraft:drop":4,"tombstone:raider_killed":2,"minecraft:damage_dealt":716,"minecraft:interact_with_crafting_table":7,"minecraft:swim_one_cm":20154,"minecraft:fly_one_cm":217851,"minecraft:open_chest":4,"minecraft:crouch_one_cm":15424,"minecraft:play_time":50069,"tombstone:undead_killed":1,"minecraft:deaths":5,"minecraft:sneak_time":4016,"minecraft:walk_under_water_one_cm":9249,"minecraft:boat_one_cm":128591,"minecraft:jump":1031,"minecraft:interact_with_blast_furnace":3,"minecraft:leave_game":4,"minecraft:time_since_death":10202,"minecraft:walk_on_water_one_cm":15173,"minecraft:total_world_time":50069,"minecraft:climb_one_cm":2157,"minecraft:fall_one_cm":30313},"minecraft:dropped":{"minecraft:wheat_seeds":1,"tombstone:grave_key":2,"minecraft:item_frame":1},"minecraft:crafted":{"minecraft:crafting_table":1,"minecraft:spruce_planks":88,"minecraft:stick":8,"minecraft:wooden_pickaxe":1,"minecraft:stone_pickaxe":1,"minecraft:spruce_boat":1,"minecraft:stone_axe":1},"minecraft:killed":{"minecraft:pillager":2,"minecraft:zombie":1},"minecraft:used":{"minecraft:spruce_boat":2,"minecraft:stone_pickaxe":75,"minecraft:wooden_pickaxe":30,"minecraft:stone_axe":98,"minecraft:sweet_berries":24,"minecraft:crafting_table":4,"tombstone:gift":2},"minecraft:killed_by":{"enemyexpansion:direwolf":1,"minecraft:vindicator":1,"minecraft:creeper":1,"alexsmobs:grizzly_bear":1},"minecraft:mined":{"minecraft:sweet_berry_bush":50,"minecraft:spruce_log":102,"minecraft:stripped_spruce_log":1,"minecraft:crafting_table":3,"minecraft:grass":6,"minecraft:blast_furnace":2,"minecraft:crimson_roots":1,"minecraft:coal_block":2,"minecraft:spruce_wood":5,"minecraft:deepslate_coal_ore":1,"minecraft:stone":98,"minecraft:fern":3}},"DataVersion":3465}