{"stats":{"minecraft:picked_up":{"minecraft:crafting_table":2,"minecraft:sweet_berries":21,"minecraft:potion":2,"pointblank:gunmetal_nugget":1,"minecraft:stripped_spruce_log":1,"minecraft:blast_furnace":2,"minecraft:spruce_log":102,"minecraft:item_frame":1,"minecraft:wheat_seeds":1,"minecraft:spruce_wood":5,"minecraft:coal_block":2,"minecraft:coal":1,"minecraft:cobblestone":94},"minecraft:custom":{"minecraft:time_since_rest":1356,"minecraft:sprint_one_cm":63129,"minecraft:damage_taken":1100,"minecraft:walk_one_cm":86632,"minecraft:mob_kills":1,"minecraft:drop":2,"minecraft:damage_dealt":6,"minecraft:swim_one_cm":16240,"minecraft:interact_with_crafting_table":6,"minecraft:fly_one_cm":128400,"minecraft:crouch_one_cm":13120,"minecraft:play_time":30971,"tombstone:undead_killed":1,"minecraft:deaths":4,"minecraft:sneak_time":3590,"minecraft:walk_under_water_one_cm":3216,"minecraft:jump":664,"minecraft:interact_with_blast_furnace":3,"minecraft:leave_game":2,"minecraft:time_since_death":3755,"minecraft:walk_on_water_one_cm":12005,"minecraft:total_world_time":30971,"minecraft:climb_one_cm":957,"minecraft:fall_one_cm":22419},"minecraft:dropped":{"minecraft:wheat_seeds":1,"minecraft:item_frame":1},"minecraft:crafted":{"minecraft:crafting_table":1,"minecraft:spruce_planks":88,"minecraft:stick":8,"minecraft:wooden_pickaxe":1,"minecraft:stone_pickaxe":1,"minecraft:stone_axe":1},"minecraft:killed":{"minecraft:zombie":1},"minecraft:used":{"minecraft:stone_pickaxe":73,"minecraft:wooden_pickaxe":30,"minecraft:stone_axe":89,"minecraft:sweet_berries":7,"minecraft:crafting_table":2,"tombstone:gift":2},"minecraft:killed_by":{"enemyexpansion:direwolf":1,"minecraft:creeper":1,"alexsmobs:grizzly_bear":1},"minecraft:mined":{"minecraft:spruce_log":102,"minecraft:stripped_spruce_log":1,"minecraft:crafting_table":2,"minecraft:grass":1,"minecraft:blast_furnace":2,"minecraft:coal_block":2,"minecraft:deepslate_coal_ore":1,"minecraft:spruce_wood":5,"minecraft:stone":98,"minecraft:fern":3}},"DataVersion":3465}