{"stats":{"minecraft:picked_up":{"minecraft:crafting_table":2,"minecraft:wheat_seeds":1,"minecraft:spruce_wood":5,"minecraft:stripped_spruce_log":1,"minecraft:spruce_log":102,"minecraft:cobblestone":94},"minecraft:custom":{"minecraft:time_since_rest":11361,"minecraft:crouch_one_cm":11871,"minecraft:play_time":20315,"minecraft:sprint_one_cm":49501,"minecraft:damage_taken":830,"minecraft:walk_one_cm":27489,"minecraft:deaths":3,"minecraft:sneak_time":3158,"minecraft:walk_under_water_one_cm":1230,"minecraft:drop":1,"minecraft:jump":421,"minecraft:leave_game":1,"minecraft:time_since_death":12686,"minecraft:walk_on_water_one_cm":5759,"minecraft:total_world_time":20315,"minecraft:climb_one_cm":461,"minecraft:swim_one_cm":10924,"minecraft:interact_with_crafting_table":6,"minecraft:fly_one_cm":85034,"minecraft:fall_one_cm":15892},"minecraft:dropped":{"minecraft:wheat_seeds":1},"minecraft:crafted":{"minecraft:stone_axe":1,"minecraft:crafting_table":1,"minecraft:spruce_planks":88,"minecraft:stick":8,"minecraft:wooden_pickaxe":1,"minecraft:stone_pickaxe":1},"minecraft:used":{"minecraft:stone_axe":88,"minecraft:crafting_table":2,"minecraft:stone_pickaxe":68,"tombstone:gift":2,"minecraft:wooden_pickaxe":30},"minecraft:killed_by":{"enemyexpansion:direwolf":1,"minecraft:creeper":1},"minecraft:mined":{"minecraft:grass":1,"minecraft:spruce_wood":5,"minecraft:spruce_log":102,"minecraft:stone":98,"minecraft:stripped_spruce_log":1,"minecraft:crafting_table":2,"minecraft:fern":3}},"DataVersion":3465}