{"stats":{"minecraft:picked_up":{"minecraft:crafting_table":3,"minecraft:sweet_berries":26,"minecraft:potion":2,"pointblank:gunmetal_nugget":1,"minecraft:stripped_spruce_log":1,"minecraft:blast_furnace":2,"minecraft:spruce_log":102,"minecraft:item_frame":1,"minecraft:spruce_boat":2,"minecraft:wheat_seeds":1,"minecraft:spruce_wood":5,"minecraft:oak_sapling":1,"minecraft:coal_block":2,"minecraft:coal":1,"minecraft:cobblestone":94},"minecraft:custom":{"minecraft:time_since_rest":2542,"minecraft:sprint_one_cm":84253,"minecraft:damage_taken":1772,"minecraft:walk_one_cm":112712,"minecraft:mob_kills":3,"minecraft:drop":4,"tombstone:raider_killed":2,"minecraft:damage_dealt":716,"minecraft:swim_one_cm":20154,"minecraft:interact_with_crafting_table":7,"minecraft:fly_one_cm":176547,"minecraft:open_chest":4,"minecraft:crouch_one_cm":14943,"minecraft:play_time":43059,"tombstone:undead_killed":1,"minecraft:deaths":5,"minecraft:sneak_time":3927,"minecraft:walk_under_water_one_cm":9249,"minecraft:boat_one_cm":103807,"minecraft:jump":848,"minecraft:interact_with_blast_furnace":3,"minecraft:leave_game":3,"minecraft:time_since_death":3192,"minecraft:walk_on_water_one_cm":15173,"minecraft:total_world_time":43059,"minecraft:climb_one_cm":2157,"minecraft:fall_one_cm":25783},"minecraft:dropped":{"minecraft:wheat_seeds":1,"tombstone:grave_key":2,"minecraft:item_frame":1},"minecraft:crafted":{"minecraft:crafting_table":1,"minecraft:spruce_planks":88,"minecraft:stick":8,"minecraft:wooden_pickaxe":1,"minecraft:stone_pickaxe":1,"minecraft:spruce_boat":1,"minecraft:stone_axe":1},"minecraft:killed":{"minecraft:pillager":2,"minecraft:zombie":1},"minecraft:used":{"minecraft:spruce_boat":2,"minecraft:stone_pickaxe":75,"minecraft:wooden_pickaxe":30,"minecraft:stone_axe":98,"minecraft:sweet_berries":15,"minecraft:crafting_table":4,"tombstone:gift":2},"minecraft:killed_by":{"enemyexpansion:direwolf":1,"minecraft:vindicator":1,"minecraft:creeper":1,"alexsmobs:grizzly_bear":1},"minecraft:mined":{"minecraft:sweet_berry_bush":2,"minecraft:spruce_log":102,"minecraft:stripped_spruce_log":1,"minecraft:crafting_table":3,"minecraft:grass":1,"minecraft:blast_furnace":2,"minecraft:coal_block":2,"minecraft:deepslate_coal_ore":1,"minecraft:spruce_wood":5,"minecraft:stone":98,"minecraft:fern":3}},"DataVersion":3465}