{"stats":{"minecraft:picked_up":{"minecraft:wheat_seeds":1,"minecraft:spruce_wood":5,"minecraft:stripped_spruce_log":1,"minecraft:spruce_log":16},"minecraft:custom":{"minecraft:time_since_rest":218,"minecraft:crouch_one_cm":4784,"minecraft:play_time":9172,"minecraft:sprint_one_cm":26010,"minecraft:walk_one_cm":13677,"minecraft:damage_taken":780,"minecraft:deaths":3,"minecraft:sneak_time":1328,"minecraft:walk_under_water_one_cm":107,"minecraft:drop":1,"minecraft:jump":216,"minecraft:walk_on_water_one_cm":1603,"minecraft:time_since_death":1543,"minecraft:total_world_time":9172,"minecraft:swim_one_cm":710,"minecraft:fall_one_cm":9234,"minecraft:fly_one_cm":47634},"minecraft:dropped":{"minecraft:wheat_seeds":1},"minecraft:used":{"tombstone:gift":2},"minecraft:killed_by":{"enemyexpansion:direwolf":1,"minecraft:creeper":1},"minecraft:mined":{"minecraft:grass":1,"minecraft:spruce_wood":5,"minecraft:spruce_log":16,"minecraft:stripped_spruce_log":1,"minecraft:fern":3}},"DataVersion":3465}