{"stats":{"minecraft:picked_up":{"minecraft:wooden_axe":1,"minecraft:crafting_table":2,"minecraft:sweet_berries":127,"minecraft:wooden_pickaxe":1,"minecraft:dandelion":1,"minecraft:spruce_log":10,"minecraft:stripped_spruce_log":1,"minecraft:moss_carpet":1,"minecraft:dirt":3,"minecraft:wheat_seeds":8,"minecraft:spruce_wood":18,"minecraft:mangrove_roots":1,"minecraft:rabbit":3,"alexsmobs:banana_slug_slime":1,"minecraft:cobblestone":62},"minecraft:custom":{"minecraft:time_since_rest":11165,"minecraft:sprint_one_cm":35432,"minecraft:damage_taken":415,"minecraft:walk_one_cm":80105,"minecraft:mob_kills":6,"minecraft:drop":2,"minecraft:damage_dealt":436,"minecraft:swim_one_cm":8441,"minecraft:interact_with_crafting_table":2,"minecraft:fly_one_cm":23564,"minecraft:crouch_one_cm":1281,"minecraft:play_time":16584,"minecraft:deaths":1,"minecraft:sneak_time":366,"minecraft:walk_under_water_one_cm":3253,"minecraft:jump":187,"minecraft:leave_game":1,"minecraft:time_since_death":11500,"minecraft:walk_on_water_one_cm":2487,"minecraft:total_world_time":16584,"minecraft:fall_one_cm":8117},"minecraft:dropped":{"minecraft:wooden_axe":1,"minecraft:wooden_pickaxe":1},"minecraft:crafted":{"minecraft:crafting_table":1,"minecraft:spruce_planks":16,"minecraft:stick":8,"minecraft:wooden_pickaxe":1,"minecraft:stone_pickaxe":1,"minecraft:wooden_axe":1,"minecraft:stone_axe":1},"minecraft:killed":{"alexsmobs:catfish":1,"alexsmobs:banana_slug":1,"alexsmobs:raccoon":1,"minecraft:rabbit":3},"minecraft:killed_by":{"enemyexpansion:huntsman":1},"minecraft:used":{"minecraft:wooden_axe":2,"minecraft:stone_pickaxe":36,"minecraft:spruce_planks":1,"minecraft:wooden_pickaxe":23,"minecraft:stone_axe":44,"minecraft:sweet_berries":17,"minecraft:crafting_table":2,"alexsmobs:animal_dictionary":3,"tombstone:gift":1},"minecraft:mined":{"minecraft:large_fern":18,"minecraft:hanging_roots":1,"minecraft:sweet_berry_bush":53,"minecraft:spruce_log":10,"minecraft:mangrove_roots":1,"minecraft:dandelion":1,"minecraft:stripped_spruce_log":1,"minecraft:crafting_table":2,"minecraft:grass":12,"minecraft:grass_block":2,"minecraft:dirt":1,"minecraft:spruce_wood":18,"minecraft:stone":58,"minecraft:fern":30}},"DataVersion":3465}