{"stats":{"minecraft:picked_up":{"minecraft:wooden_axe":2,"minecraft:crafting_table":2,"minecraft:tripwire_hook":3,"minecraft:wooden_pickaxe":2,"minecraft:potion":3,"minecraft:mushroom_stew":1,"minecraft:dirt":4,"minecraft:moss_carpet":2,"minecraft:item_frame":1,"minecraft:beetroot":4,"minecraft:kelp":11,"minecraft:wheat_seeds":8,"minecraft:spruce_wood":18,"minecraft:redstone_torch":2,"minecraft:player_head":1,"minecraft:calcite":1,"minecraft:rabbit":3,"minecraft:cyan_candle":6,"minecraft:sweet_berries":137,"minecraft:dandelion":1,"minecraft:cake":1,"minecraft:stripped_spruce_log":1,"minecraft:diorite":1,"minecraft:spruce_log":10,"minecraft:barrel":3,"alexsmobs:raw_catfish":2,"minecraft:rotten_flesh":1,"minecraft:mangrove_roots":1,"minecraft:glistering_melon_slice":3,"alexsmobs:banana_slug_slime":1,"minecraft:cobblestone":63},"minecraft:custom":{"minecraft:mob_kills":9,"tombstone:raider_killed":2,"minecraft:interact_with_crafting_table":5,"minecraft:time_since_death":2313,"minecraft:leave_game":1,"minecraft:climb_one_cm":2591,"minecraft:time_since_rest":1801,"minecraft:sprint_one_cm":121669,"minecraft:damage_taken":1810,"minecraft:walk_one_cm":152055,"minecraft:drop":54,"minecraft:damage_dealt":1074,"minecraft:damage_dealt_absorbed":42,"minecraft:swim_one_cm":37336,"minecraft:fly_one_cm":116762,"minecraft:crouch_one_cm":3828,"minecraft:play_time":40584,"minecraft:deaths":4,"minecraft:sneak_time":892,"minecraft:walk_under_water_one_cm":8777,"minecraft:boat_one_cm":98369,"minecraft:jump":625,"minecraft:walk_on_water_one_cm":8931,"minecraft:total_world_time":40584,"minecraft:fall_one_cm":20115},"minecraft:dropped":{"minecraft:moss_carpet":2,"minecraft:kelp":11,"minecraft:sweet_berries":31,"minecraft:wheat_seeds":8,"minecraft:mangrove_roots":1,"minecraft:dirt":4,"minecraft:diorite":1,"minecraft:wooden_axe":3,"minecraft:wooden_pickaxe":2,"minecraft:calcite":1},"minecraft:crafted":{"minecraft:crafting_table":1,"minecraft:spruce_planks":78,"minecraft:spruce_button":1,"minecraft:wooden_pickaxe":1,"minecraft:stone_axe":1,"minecraft:stick":8,"minecraft:stone_pickaxe":1,"minecraft:wooden_axe":1,"minecraft:spruce_boat":1},"minecraft:killed":{"alexsmobs:raccoon":1,"minecraft:rabbit":3,"alexsmobs:catfish":2,"minecraft:pillager":2,"alexsmobs:banana_slug":1},"minecraft:killed_by":{"minecraft:vindicator":2,"alexsmobs:grizzly_bear":1,"enemyexpansion:huntsman":1},"minecraft:used":{"minecraft:beetroot":4,"minecraft:stone_pickaxe":42,"minecraft:spruce_planks":1,"minecraft:wooden_pickaxe":23,"minecraft:crafting_table":3,"minecraft:cake":1,"minecraft:redstone_torch":1,"minecraft:spruce_boat":1,"minecraft:wooden_axe":2,"minecraft:spruce_button":1,"minecraft:stone_axe":65,"minecraft:cobblestone":13,"minecraft:sweet_berries":49,"tombstone:gift":1,"alexsmobs:animal_dictionary":3},"minecraft:mined":{"minecraft:hanging_roots":1,"minecraft:dandelion":1,"minecraft:mangrove_roots":1,"minecraft:crafting_table":2,"minecraft:grass_block":3,"minecraft:calcite":1,"minecraft:soul_campfire":1,"minecraft:diorite":1,"minecraft:large_fern":19,"minecraft:redstone_torch":1,"minecraft:barrel":3,"minecraft:sweet_berry_bush":57,"minecraft:spruce_log":10,"minecraft:stripped_spruce_log":1,"minecraft:grass":12,"minecraft:dirt":1,"minecraft:spruce_wood":18,"minecraft:tripwire_hook":2,"minecraft:stone":59,"minecraft:cake":1,"minecraft:cyan_candle":2,"minecraft:fern":31}},"DataVersion":3465}