{"stats":{"minecraft:picked_up":{"minecraft:sweet_berries":33,"minecraft:wheat_seeds":5,"minecraft:dandelion":1,"minecraft:spruce_wood":3,"minecraft:mangrove_roots":1},"minecraft:custom":{"minecraft:time_since_rest":4584,"minecraft:sprint_one_cm":11149,"minecraft:play_time":4584,"minecraft:damage_taken":145,"minecraft:walk_one_cm":27690,"minecraft:sneak_time":19,"minecraft:jump":54,"minecraft:leave_game":1,"minecraft:time_since_death":4584,"minecraft:total_world_time":4584,"minecraft:fall_one_cm":1709,"minecraft:fly_one_cm":5199},"minecraft:crafted":{"minecraft:spruce_planks":12},"minecraft:used":{"alexsmobs:animal_dictionary":2},"minecraft:mined":{"minecraft:large_fern":6,"minecraft:grass":4,"minecraft:sweet_berry_bush":13,"minecraft:spruce_wood":3,"minecraft:dandelion":1,"minecraft:mangrove_roots":1,"minecraft:fern":16}},"DataVersion":3465}