{"stats":{"minecraft:picked_up":{"minecraft:wooden_axe":2,"minecraft:crafting_table":3,"minecraft:tripwire_hook":3,"minecraft:wooden_pickaxe":2,"minecraft:potion":3,"minecraft:mushroom_stew":1,"minecraft:dirt":8,"minecraft:moss_carpet":2,"minecraft:item_frame":1,"minecraft:beetroot":4,"minecraft:kelp":11,"minecraft:wheat_seeds":9,"minecraft:spruce_wood":18,"minecraft:redstone_torch":2,"minecraft:player_head":1,"minecraft:calcite":1,"rechiseled:chisel":2,"minecraft:rabbit":3,"minecraft:cyan_candle":6,"minecraft:sweet_berries":138,"minecraft:dandelion":1,"pointblank:gunmetal_nugget":5,"minecraft:cake":1,"minecraft:stripped_spruce_log":1,"minecraft:diorite":1,"minecraft:spruce_log":10,"minecraft:cyan_bed":2,"minecraft:barrel":3,"alexsmobs:raw_catfish":2,"minecraft:rotten_flesh":1,"minecraft:emerald":1,"minecraft:mangrove_roots":1,"minecraft:glistering_melon_slice":3,"alexsmobs:banana_slug_slime":1,"minecraft:cobblestone":74},"minecraft:custom":{"minecraft:interact_with_furnace":1,"minecraft:mob_kills":10,"tombstone:raider_killed":3,"minecraft:interact_with_crafting_table":8,"minecraft:time_since_death":10307,"minecraft:leave_game":2,"minecraft:climb_one_cm":2591,"minecraft:time_since_rest":10038,"minecraft:sprint_one_cm":145002,"minecraft:damage_taken":2200,"minecraft:walk_one_cm":192632,"minecraft:drop":56,"minecraft:damage_dealt":1288,"minecraft:damage_dealt_absorbed":42,"minecraft:swim_one_cm":39278,"minecraft:fly_one_cm":147627,"minecraft:crouch_one_cm":4498,"minecraft:play_time":51044,"minecraft:deaths":5,"minecraft:sneak_time":1229,"minecraft:walk_under_water_one_cm":9007,"minecraft:boat_one_cm":127632,"minecraft:jump":814,"minecraft:walk_on_water_one_cm":9239,"minecraft:total_world_time":51044,"minecraft:fall_one_cm":22054},"minecraft:dropped":{"minecraft:moss_carpet":2,"minecraft:kelp":11,"minecraft:sweet_berries":31,"minecraft:wheat_seeds":8,"minecraft:mangrove_roots":1,"minecraft:dirt":4,"minecraft:diorite":1,"minecraft:wooden_axe":3,"rechiseled:chisel":1,"minecraft:wooden_pickaxe":3,"minecraft:calcite":1},"minecraft:crafted":{"minecraft:stone_shovel":1,"minecraft:crafting_table":2,"minecraft:spruce_planks":78,"minecraft:spruce_button":1,"minecraft:wooden_pickaxe":1,"minecraft:furnace":1,"minecraft:stone_axe":1,"minecraft:stick":12,"minecraft:stone_pickaxe":1,"minecraft:wooden_axe":1,"minecraft:spruce_boat":2},"minecraft:killed":{"alexsmobs:raccoon":1,"minecraft:vindicator":1,"minecraft:rabbit":3,"alexsmobs:catfish":2,"minecraft:pillager":2,"alexsmobs:banana_slug":1},"minecraft:killed_by":{"minecraft:vindicator":3,"alexsmobs:grizzly_bear":1,"enemyexpansion:huntsman":1},"minecraft:used":{"minecraft:beetroot":4,"minecraft:stone_shovel":4,"minecraft:stone_pickaxe":46,"minecraft:spruce_planks":1,"minecraft:wooden_pickaxe":23,"minecraft:dirt":1,"minecraft:crafting_table":5,"minecraft:cake":1,"minecraft:redstone_torch":2,"minecraft:spruce_boat":2,"minecraft:wooden_axe":2,"minecraft:cyan_bed":1,"minecraft:spruce_button":1,"minecraft:stone_axe":71,"minecraft:cobblestone":19,"minecraft:sweet_berries":51,"minecraft:furnace":1,"tombstone:gift":1,"alexsmobs:animal_dictionary":3},"minecraft:mined":{"minecraft:hanging_roots":1,"minecraft:dandelion":1,"minecraft:mangrove_roots":1,"minecraft:crafting_table":3,"minecraft:grass_block":5,"minecraft:calcite":1,"minecraft:soul_campfire":1,"minecraft:cyan_bed":2,"minecraft:diorite":1,"minecraft:large_fern":19,"minecraft:redstone_torch":1,"minecraft:barrel":3,"minecraft:sweet_berry_bush":58,"minecraft:spruce_log":10,"minecraft:stripped_spruce_log":1,"minecraft:grass":42,"minecraft:dirt":5,"minecraft:spruce_wood":18,"minecraft:tripwire_hook":2,"minecraft:stone":63,"minecraft:cake":1,"minecraft:cyan_candle":2,"minecraft:fern":31}},"DataVersion":3465}