{"stats":{"minecraft:picked_up":{"minecraft:wooden_axe":2,"minecraft:crafting_table":2,"minecraft:tripwire_hook":3,"minecraft:wooden_pickaxe":2,"minecraft:potion":3,"minecraft:mushroom_stew":1,"minecraft:dirt":4,"minecraft:moss_carpet":2,"minecraft:item_frame":1,"minecraft:beetroot":4,"minecraft:wheat_seeds":8,"minecraft:spruce_wood":18,"minecraft:player_head":1,"minecraft:calcite":1,"minecraft:rabbit":3,"minecraft:cyan_candle":6,"minecraft:sweet_berries":137,"minecraft:dandelion":1,"minecraft:cake":1,"minecraft:stripped_spruce_log":1,"minecraft:diorite":1,"minecraft:spruce_log":10,"minecraft:barrel":3,"alexsmobs:raw_catfish":2,"minecraft:rotten_flesh":1,"minecraft:mangrove_roots":1,"minecraft:glistering_melon_slice":3,"alexsmobs:banana_slug_slime":1,"minecraft:cobblestone":63},"minecraft:custom":{"minecraft:mob_kills":7,"minecraft:interact_with_crafting_table":4,"minecraft:time_since_death":5336,"minecraft:leave_game":1,"minecraft:climb_one_cm":1245,"minecraft:time_since_rest":4052,"minecraft:sprint_one_cm":79626,"minecraft:damage_taken":865,"minecraft:walk_one_cm":116258,"minecraft:drop":43,"minecraft:damage_dealt":871,"minecraft:swim_one_cm":27515,"minecraft:fly_one_cm":79130,"minecraft:crouch_one_cm":1287,"minecraft:play_time":28584,"minecraft:deaths":2,"minecraft:sneak_time":447,"minecraft:walk_under_water_one_cm":7494,"minecraft:jump":448,"minecraft:walk_on_water_one_cm":6568,"minecraft:total_world_time":28584,"minecraft:fall_one_cm":15849},"minecraft:dropped":{"minecraft:moss_carpet":2,"minecraft:sweet_berries":31,"minecraft:wheat_seeds":8,"minecraft:mangrove_roots":1,"minecraft:dirt":4,"minecraft:diorite":1,"minecraft:wooden_axe":3,"minecraft:wooden_pickaxe":2,"minecraft:calcite":1},"minecraft:crafted":{"minecraft:crafting_table":1,"minecraft:spruce_planks":78,"minecraft:spruce_button":1,"minecraft:wooden_pickaxe":1,"minecraft:stone_axe":1,"minecraft:stick":8,"minecraft:stone_pickaxe":1,"minecraft:wooden_axe":1},"minecraft:killed":{"alexsmobs:raccoon":1,"minecraft:rabbit":3,"alexsmobs:catfish":2,"alexsmobs:banana_slug":1},"minecraft:killed_by":{"alexsmobs:grizzly_bear":1,"enemyexpansion:huntsman":1},"minecraft:used":{"minecraft:stone_pickaxe":42,"minecraft:spruce_planks":1,"minecraft:wooden_pickaxe":23,"minecraft:crafting_table":3,"minecraft:cake":1,"minecraft:wooden_axe":2,"minecraft:spruce_button":1,"minecraft:stone_axe":58,"minecraft:sweet_berries":42,"tombstone:gift":1,"alexsmobs:animal_dictionary":3},"minecraft:mined":{"minecraft:hanging_roots":1,"minecraft:dandelion":1,"minecraft:mangrove_roots":1,"minecraft:crafting_table":2,"minecraft:grass_block":3,"minecraft:calcite":1,"minecraft:soul_campfire":1,"minecraft:diorite":1,"minecraft:large_fern":19,"minecraft:barrel":3,"minecraft:sweet_berry_bush":57,"minecraft:spruce_log":10,"minecraft:stripped_spruce_log":1,"minecraft:grass":12,"minecraft:dirt":1,"minecraft:spruce_wood":18,"minecraft:tripwire_hook":2,"minecraft:stone":59,"minecraft:cake":1,"minecraft:cyan_candle":2,"minecraft:fern":31}},"DataVersion":3465}