{"stats":{"minecraft:custom":{"minecraft:jump":67,"minecraft:time_since_rest":1,"minecraft:deaths":1,"minecraft:crouch_one_cm":426,"minecraft:walk_on_water_one_cm":1193,"minecraft:sprint_one_cm":2798,"minecraft:play_time":2666,"minecraft:damage_taken":265,"minecraft:time_since_death":1254,"minecraft:walk_one_cm":4454,"minecraft:sneak_time":82,"minecraft:total_world_time":2666,"minecraft:fall_one_cm":404,"minecraft:fly_one_cm":19841},"minecraft:killed_by":{"minecraft:zombie":1}},"DataVersion":3465}