{"stats":{"minecraft:used":{"tombstone:gift":2},"minecraft:dropped":{"tombstone:grave_key":1},"minecraft:custom":{"minecraft:jump":134,"minecraft:damage_dealt":10,"minecraft:time_since_rest":1,"minecraft:damage_taken":495,"minecraft:leave_game":3,"minecraft:play_time":6120,"minecraft:time_since_death":1837,"minecraft:crouch_one_cm":95,"minecraft:walk_one_cm":7189,"minecraft:sprint_one_cm":7870,"minecraft:walk_on_water_one_cm":2552,"minecraft:deaths":2,"minecraft:sneak_time":27,"minecraft:total_world_time":6120,"minecraft:climb_one_cm":170,"minecraft:walk_under_water_one_cm":481,"minecraft:swim_one_cm":1324,"minecraft:fall_one_cm":1254,"minecraft:drop":1,"minecraft:fly_one_cm":30821},"minecraft:killed_by":{"minecraft:husk":2}},"DataVersion":3465}