{"stats":{"minecraft:used":{"alexsmobs:animal_dictionary":1,"tombstone:gift":3},"minecraft:picked_up":{"minecraft:mud":1,"minecraft:wheat_seeds":1,"tombstone:grave_key":1,"minecraft:dark_oak_log":2},"minecraft:dropped":{"tombstone:grave_key":1},"minecraft:custom":{"minecraft:open_barrel":1,"minecraft:time_since_rest":1195,"minecraft:crouch_one_cm":332,"minecraft:deaths":3,"minecraft:sprint_one_cm":19866,"minecraft:play_time":10625,"minecraft:damage_taken":795,"minecraft:walk_one_cm":16441,"minecraft:sneak_time":93,"tombstone:sneak_grave":1,"minecraft:walk_under_water_one_cm":1222,"minecraft:drop":1,"minecraft:jump":311,"minecraft:damage_dealt":180,"minecraft:leave_game":4,"minecraft:walk_on_water_one_cm":8048,"minecraft:time_since_death":2325,"minecraft:climb_one_cm":270,"minecraft:total_world_time":10625,"minecraft:swim_one_cm":11533,"minecraft:fall_one_cm":3118,"minecraft:fly_one_cm":71301},"minecraft:mined":{"minecraft:grass":7,"minecraft:mud":1,"minecraft:tall_grass":1,"minecraft:dark_oak_log":2},"minecraft:killed_by":{"minecraft:husk":2,"minecraft:player":1}},"DataVersion":3465}