{"stats":{"minecraft:custom":{"minecraft:jump":425,"minecraft:leave_game":1,"minecraft:time_since_rest":1932,"minecraft:damage_dealt":24,"minecraft:deaths":2,"minecraft:crouch_one_cm":437,"minecraft:walk_on_water_one_cm":4467,"minecraft:sprint_one_cm":31435,"minecraft:play_time":10356,"minecraft:damage_taken":635,"minecraft:time_since_death":4331,"minecraft:walk_one_cm":13351,"minecraft:sneak_time":181,"minecraft:climb_one_cm":208,"minecraft:total_world_time":10356,"minecraft:walk_under_water_one_cm":1468,"minecraft:swim_one_cm":20568,"minecraft:fall_one_cm":9652,"minecraft:fly_one_cm":111066},"minecraft:killed_by":{"minecraft:zombie":1,"minecraft:skeleton":1},"minecraft:mined":{"minecraft:sweet_berry_bush":1}},"DataVersion":3465}