{
  "tombstone:recipes/from_grave_key": {
    "criteria": {
      "has_ingredient": "2024-07-28 03:32:26 +0000"
    },
    "done": true
  },
  "minecraft:recipes/decorations/crafting_table": {
    "criteria": {
      "unlock_right_away": "2024-07-28 03:31:56 +0000"
    },
    "done": true
  },
  "minecraft:recipes/transportation/cherry_boat": {
    "criteria": {
      "in_water": "2024-07-28 03:38:05 +0000"
    },
    "done": true
  },
  "mowziesmobs:root": {
    "criteria": {
      "custom_test_name": "2024-07-28 03:31:56 +0000"
    },
    "done": true
  },
  "minecraft:recipes/transportation/bamboo_raft": {
    "criteria": {
      "in_water": "2024-07-28 03:38:05 +0000"
    },
    "done": true
  },
  "tombstone:adventure/cancel_ghostly_shape": {
    "criteria": {
      "coded_trigger": "2024-07-28 03:32:28 +0000"
    },
    "done": true
  },
  "minecraft:recipes/decorations/spruce_hanging_sign": {
    "criteria": {
      "has_stripped_logs": "2024-07-28 03:36:15 +0000"
    },
    "done": true
  },
  "minecraft:recipes/building_blocks/stripped_spruce_wood": {
    "criteria": {
      "has_log": "2024-07-28 03:36:15 +0000"
    },
    "done": true
  },
  "dungeons_arise:wda_root": {
    "criteria": {
      "WDA": "2024-07-28 03:31:56 +0000"
    },
    "done": true
  },
  "tombstone:adventure/first_grave": {
    "criteria": {
      "coded_trigger": "2024-07-28 03:32:24 +0000"
    },
    "done": true
  },
  "minecraft:recipes/misc/charcoal": {
    "criteria": {
      "has_log": "2024-07-28 03:34:06 +0000"
    },
    "done": true
  },
  "minecraft:recipes/transportation/acacia_boat": {
    "criteria": {
      "in_water": "2024-07-28 03:38:05 +0000"
    },
    "done": true
  },
  "minecraft:adventure/root": {
    "criteria": {
      "killed_by_something": "2024-07-28 03:33:30 +0000"
    },
    "done": true
  },
  "betterdungeons:root": {
    "criteria": {
      "always": "2024-07-28 03:31:56 +0000"
    },
    "done": true
  },
  "tombstone:recipes/from_grave_dust": {
    "criteria": {
      "has_ingredient": "2024-07-28 03:33:22 +0000"
    },
    "done": true
  },
  "tombstone:adventure/root": {
    "criteria": {
      "auto": "2024-07-28 03:31:57 +0000"
    },
    "done": true
  },
  "minecraft:recipes/transportation/jungle_boat": {
    "criteria": {
      "in_water": "2024-07-28 03:38:05 +0000"
    },
    "done": true
  },
  "valhelsia_structures:recipes/building_blocks/stripped_spruce_post": {
    "criteria": {
      "has_item": "2024-07-28 03:36:15 +0000"
    },
    "done": true
  },
  "minecraft:recipes/building_blocks/spruce_wood": {
    "criteria": {
      "has_log": "2024-07-28 03:34:50 +0000"
    },
    "done": true
  },
  "eeeabsmobs:eeeabsmobs/root": {
    "criteria": {
      "requirement": "2024-07-28 03:31:56 +0000"
    },
    "done": true
  },
  "minecraft:recipes/transportation/spruce_boat": {
    "criteria": {
      "in_water": "2024-07-28 03:38:05 +0000"
    },
    "done": true
  },
  "minecraft:recipes/transportation/birch_boat": {
    "criteria": {
      "in_water": "2024-07-28 03:38:05 +0000"
    },
    "done": true
  },
  "betterdeserttemples:root": {
    "criteria": {
      "always": "2024-07-28 03:31:56 +0000"
    },
    "done": true
  },
  "minecraft:recipes/transportation/oak_boat": {
    "criteria": {
      "in_water": "2024-07-28 03:38:05 +0000"
    },
    "done": true
  },
  "cataclysm:root": {
    "criteria": {
      "custom_test_name": "2024-07-28 03:31:56 +0000"
    },
    "done": true
  },
  "minecraft:recipes/transportation/mangrove_boat": {
    "criteria": {
      "in_water": "2024-07-28 03:38:05 +0000"
    },
    "done": true
  },
  "valhelsia_structures:recipes/building_blocks/spruce_post": {
    "criteria": {
      "has_item": "2024-07-28 03:34:50 +0000"
    },
    "done": true
  },
  "minecraft:recipes/building_blocks/spruce_planks": {
    "criteria": {
      "has_logs": "2024-07-28 03:34:06 +0000"
    },
    "done": true
  },
  "ironfurnaces:coal": {
    "criteria": {
      "rainbowcoal": "2024-07-28 03:31:56 +0000"
    },
    "done": true
  },
  "wythers:world_explorer": {
    "criteria": {
      "wythers:gravelly_river": "2024-07-28 03:38:04 +0000",
      "wythers:underground": "2024-07-28 03:32:12 +0000"
    },
    "done": false
  },
  "minecraft:adventure/adventuring_time": {
    "criteria": {
      "minecraft:old_growth_pine_taiga": "2024-07-28 03:31:57 +0000",
      "minecraft:old_growth_spruce_taiga": "2024-07-28 03:38:06 +0000"
    },
    "done": false
  },
  "minecraft:recipes/transportation/dark_oak_boat": {
    "criteria": {
      "in_water": "2024-07-28 03:38:05 +0000"
    },
    "done": true
  },
  "DataVersion": 3465
}